<manifest alg="2" build="2017.0.0.363" opt="true" iceEnabled="true" iceMarkupVersion="2" iceEnabledOptions="link,responsive,cachebuster" exportTarget="other" domain="genextart.com" resolutions="1x,2x" timestamp="1480021380355">
  <folder name="css">
    <file name="site_global.css" crc="443350757"/>
    <file name="index.css" crc="207399337" ref="index"/>
    <file name="nomq_index.css" crc="387344111" ref="index"/>
  </folder>
  <folder name="scripts">
    <file name="jquery-1.8.3.min.js" crc="209076791" ref="index"/>
    <file name="museutils.js" crc="163421577" ref="index"/>
    <file name="whatinput.js" crc="86476730" ref="index"/>
    <file name="museconfig.js" crc="36584860" ref="index"/>
    <file name="jquery.watch.js" crc="104486786" ref="index"/>
    <file name="webpro.js" crc="3848665353" ref="index"/>
    <file name="musewpdisclosure.js" crc="4275188064" ref="index"/>
    <file name="jquery.musepolyfill.bgsize.js" crc="379354253" ref="index"/>
    <file name="musewpslideshow.js" crc="4041717617" ref="index"/>
    <file name="jquery.museoverlay.js" crc="36492500" ref="index"/>
    <file name="touchswipe.js" crc="404375771" ref="index"/>
    <file name="jquery.musemenu.js" crc="146495465" ref="index"/>
    <file name="jquery.scrolleffects.js" crc="4065090679" ref="index"/>
    <file name="html5shiv.js" crc="4241844378" ref="index"/>
    <file name="jquery.museresponsive.js" crc="4146931122" ref="index"/>
    <file name="require.js" crc="244322403" ref="index"/>
  </folder>
  <folder name="images">
    <file name="11-u1850-fr.png" crc="400549448" ref="index"/>
    <file name="scroll down.png" crc="3806572524" seo="true" ref="index"/>
    <file name="scroll down_2x.png" crc="3922757154" seo="true" ref="index"/>
    <file name="blank.gif" crc="4208392903" ref="index"/>
    <file name="gaurav1-crop-u55300.jpg" crc="409562131" ref="index"/>
    <file name="gaurav1-crop-u55300_2x.jpg" crc="41962852" ref="index"/>
    <file name="deep1-crop-u55307.jpg" crc="343867899" ref="index"/>
    <file name="avinash-crop-u55313.jpg" crc="176865785" ref="index"/>
    <file name="avinash-crop-u55313_2x.jpg" crc="4170437648" ref="index"/>
    <file name="umang-crop-u55331.jpg" crc="4123512914" ref="index"/>
    <file name="umang-crop-u55331_2x.jpg" crc="381070564" ref="index"/>
    <file name="nitesh1-crop-u55325.jpg" crc="490875469" ref="index"/>
    <file name="nitesh1-crop-u55325_2x.jpg" crc="4289822807" ref="index"/>
    <file name="rana-crop-u55318.jpg" crc="263137325" ref="index"/>
    <file name="rana-crop-u55318_2x.jpg" crc="2721877" ref="index"/>
    <file name="landscape-nature-clouds-cloudy.jpg" crc="3872063557" ref="index"/>
    <file name="studio logo80x80.png" crc="3954236988" seo="true" ref="index"/>
    <file name="studio logo80x80_2x.png" crc="154287637" seo="true" ref="index"/>
    <file name="camera.png" crc="3805420556" seo="true" ref="index"/>
    <file name="camera_2x.png" crc="3855302322" seo="true" ref="index"/>
    <file name="studio logo.png" crc="458655582" seo="true" ref="index"/>
    <file name="studio logo_2x.png" crc="4250011556" seo="true" ref="index"/>
    <file name="heart.png" crc="117585526" seo="true" ref="index"/>
    <file name="gaurav1-crop-u553002.jpg" crc="215548865" ref="index"/>
    <file name="gaurav1-crop-u55300_2x2.jpg" crc="10477200" ref="index"/>
    <file name="deep1-crop-u553072.jpg" crc="286028530" ref="index"/>
    <file name="avinash-crop-u553132.jpg" crc="8678833" ref="index"/>
    <file name="avinash-crop-u55313_2x2.jpg" crc="291124709" ref="index"/>
    <file name="umang-crop-u553312.jpg" crc="4123512914" ref="index"/>
    <file name="umang-crop-u55331_2x2.jpg" crc="381070564" ref="index"/>
    <file name="nitesh1-crop-u553252.jpg" crc="209141505" ref="index"/>
    <file name="nitesh1-crop-u55325_2x2.jpg" crc="214040089" ref="index"/>
    <file name="rana-crop-u553182.jpg" crc="3980515042" ref="index"/>
    <file name="rana-crop-u55318_2x2.jpg" crc="508879688" ref="index"/>
    <file name="landscape-nature-clouds-cloudy-u4122-fr.jpg" crc="286119134" ref="index"/>
    <file name="gaurav1-crop-u553003.jpg" crc="215548865" ref="index"/>
    <file name="gaurav1-crop-u55300_2x3.jpg" crc="10477200" ref="index"/>
    <file name="deep1-crop-u553073.jpg" crc="286028530" ref="index"/>
    <file name="avinash-crop-u553133.jpg" crc="8678833" ref="index"/>
    <file name="avinash-crop-u55313_2x3.jpg" crc="291124709" ref="index"/>
    <file name="umang-crop-u553313.jpg" crc="4123512914" ref="index"/>
    <file name="umang-crop-u55331_2x3.jpg" crc="381070564" ref="index"/>
    <file name="nitesh1-crop-u553253.jpg" crc="209141505" ref="index"/>
    <file name="nitesh1-crop-u55325_2x3.jpg" crc="214040089" ref="index"/>
    <file name="rana-crop-u553183.jpg" crc="3980515042" ref="index"/>
    <file name="rana-crop-u55318_2x3.jpg" crc="508879688" ref="index"/>
    <file name="gaurav1-crop-u553004.jpg" crc="385892119" ref="index"/>
    <file name="gaurav1-crop-u55300_2x4.jpg" crc="4116400228" ref="index"/>
    <file name="deep1-crop-u553074.jpg" crc="40045972" ref="index"/>
    <file name="avinash-crop-u553134.jpg" crc="4047676935" ref="index"/>
    <file name="avinash-crop-u55313_2x4.jpg" crc="4207199617" ref="index"/>
    <file name="umang-crop-u553314.jpg" crc="3793166975" ref="index"/>
    <file name="umang-crop-u55331_2x4.jpg" crc="167667924" ref="index"/>
    <file name="nitesh1-crop-u553254.jpg" crc="472754032" ref="index"/>
    <file name="nitesh1-crop-u55325_2x4.jpg" crc="4165805540" ref="index"/>
    <file name="rana-crop-u553184.jpg" crc="3825224778" ref="index"/>
    <file name="rana-crop-u55318_2x4.jpg" crc="3915161504" ref="index"/>
    <file name="gaurav1-crop-u553005.jpg" crc="206460110" ref="index"/>
    <file name="gaurav1-crop-u55300_2x5.jpg" crc="192891420" ref="index"/>
    <file name="deep1-crop-u553075.jpg" crc="4048979401" ref="index"/>
    <file name="avinash-crop-u553135.jpg" crc="435556682" ref="index"/>
    <file name="avinash-crop-u55313_2x5.jpg" crc="223599130" ref="index"/>
    <file name="umang-crop-u553315.jpg" crc="61572538" ref="index"/>
    <file name="umang-crop-u55331_2x5.jpg" crc="4021987061" ref="index"/>
    <file name="nitesh1-crop-u553255.jpg" crc="209176076" ref="index"/>
    <file name="nitesh1-crop-u55325_2x5.jpg" crc="440058237" ref="index"/>
    <file name="rana-crop-u553185.jpg" crc="408577519" ref="index"/>
    <file name="rana-crop-u55318_2x5.jpg" crc="177545000" ref="index"/>
    <file name="studio logo40x40.png" crc="3770576358" seo="true" ref="index"/>
    <file name="studio logo40x40_2x.png" crc="3954236988" seo="true" ref="index"/>
    <file name="studio logo62x62.png" crc="89460280" seo="true" ref="index"/>
    <file name="studio logo62x62_2x.png" crc="4267354263" seo="true" ref="index"/>
    <file name="camera109x201.png" crc="274159103" seo="true" ref="index"/>
    <file name="camera109x201_2x.png" crc="427310699" seo="true" ref="index"/>
    <file name="gaurav1-crop-u553006.jpg" crc="4130330349" ref="index"/>
    <file name="gaurav1-crop-u55300_2x6.jpg" crc="429755666" ref="index"/>
    <file name="deep1-crop-u553076.jpg" crc="3781539007" ref="index"/>
    <file name="avinash-crop-u553136.jpg" crc="4274051481" ref="index"/>
    <file name="avinash-crop-u55313_2x6.jpg" crc="164383853" ref="index"/>
    <file name="umang-crop-u553316.jpg" crc="3879012952" ref="index"/>
    <file name="umang-crop-u55331_2x6.jpg" crc="3827241935" ref="index"/>
    <file name="nitesh1-crop-u553256.jpg" crc="4025515922" ref="index"/>
    <file name="nitesh1-crop-u55325_2x6.jpg" crc="124998127" ref="index"/>
    <file name="rana-crop-u553186.jpg" crc="73575743" ref="index"/>
    <file name="rana-crop-u55318_2x6.jpg" crc="422867208" ref="index"/>
    <file name="gaurav1-crop-u553007.jpg" crc="3951753027" ref="index"/>
    <file name="gaurav1-crop-u55300_2x7.jpg" crc="486364104" ref="index"/>
    <file name="deep1-crop-u553077.jpg" crc="3959544346" ref="index"/>
    <file name="avinash-crop-u553137.jpg" crc="357056204" ref="index"/>
    <file name="avinash-crop-u55313_2x7.jpg" crc="229584413" ref="index"/>
    <file name="umang-crop-u553317.jpg" crc="1813223" ref="index"/>
    <file name="umang-crop-u55331_2x7.jpg" crc="3957025109" ref="index"/>
    <file name="nitesh1-crop-u553257.jpg" crc="54662315" ref="index"/>
    <file name="nitesh1-crop-u55325_2x7.jpg" crc="192122698" ref="index"/>
    <file name="rana-crop-u553187.jpg" crc="4132650824" ref="index"/>
    <file name="rana-crop-u55318_2x7.jpg" crc="503340612" ref="index"/>
  </folder>
  <file name="index.html" crc="271312372" seo="true" mt="1480021242630" redirect="true"/>
</manifest>