<manifest alg="2" build="2017.0.0.363" opt="true" iceEnabled="true" iceMarkupVersion="2" iceEnabledOptions="link,responsive,cachebuster" exportTarget="other" domain="musefree.com" resolutions="1x,2x" timestamp="1479545698170">
  <folder name="css">
    <file name="site_global.css" crc="443350757"/>
    <file name="index.css" crc="3875963303" ref="index"/>
    <file name="nomq_index.css" crc="44232377" ref="index"/>
  </folder>
  <folder name="scripts">
    <file name="jquery-1.8.3.min.js" crc="209076791" ref="index"/>
    <file name="museutils.js" crc="163421577" ref="index"/>
    <file name="whatinput.js" crc="86476730" ref="index"/>
    <file name="museconfig.js" crc="36584860" ref="index"/>
    <file name="jquery.watch.js" crc="104486786" ref="index"/>
    <file name="webpro.js" crc="3848665353" ref="index"/>
    <file name="musewpslideshow.js" crc="4041717617" ref="index"/>
    <file name="jquery.museoverlay.js" crc="36492500" ref="index"/>
    <file name="touchswipe.js" crc="404375771" ref="index"/>
    <file name="jquery.musemenu.js" crc="146495465" ref="index"/>
    <file name="html5shiv.js" crc="4241844378" ref="index"/>
    <file name="require.js" crc="244322403" ref="index"/>
    <file name="jquery.scrolleffects.js" crc="4065090679" ref="index"/>
    <file name="jquery.museresponsive.js" crc="4146931122" ref="index"/>
    <file name="musewpdisclosure.js" crc="4275188064" ref="index"/>
    <file name="jquery.musepolyfill.bgsize.js" crc="379354253" ref="index"/>
    <file name="form_check.php" crc="158155501" ref="index"/>
    <file name="form_throttle.php" crc="3992970984" ref="index"/>
    <file name="form_process.php" crc="4078697226" ref="index"/>
    <file name="form-u3890.php" crc="4289982366" ref="index"/>
  </folder>
  <folder name="images">
    <file name="11-u1850-fr.png" crc="400549448" ref="index"/>
    <file name="blank.gif" crc="4208392903" ref="index"/>
    <file name="u1633.png" crc="84836979" ref="index"/>
    <file name="u1633_2x.png" crc="4230934895" ref="index"/>
    <file name="u1633-r.png" crc="3890282957" ref="index"/>
    <file name="u1633-r_2x.png" crc="3886390144" ref="index"/>
    <file name="u1716.png" crc="3971433223" ref="index"/>
    <file name="u1716_2x.png" crc="385904923" ref="index"/>
    <file name="u1716-r.png" crc="4077685486" ref="index"/>
    <file name="u1716-r_2x.png" crc="3801818396" ref="index"/>
    <file name="u1695.png" crc="3810002860" ref="index"/>
    <file name="u1695_2x.png" crc="517889260" ref="index"/>
    <file name="u1695-r.png" crc="57489406" ref="index"/>
    <file name="u1695-r_2x.png" crc="4154350935" ref="index"/>
    <file name="u1755.png" crc="73668047" ref="index"/>
    <file name="u1755_2x.png" crc="4008663735" ref="index"/>
    <file name="u1755-r.png" crc="477990999" ref="index"/>
    <file name="u1755-r_2x.png" crc="4001568320" ref="index"/>
    <file name="u1779-4.png" crc="446123710" ref="index"/>
    <file name="u1779-4_2x.png" crc="3787406339" ref="index"/>
    <file name="scroll down.png" crc="3806572524" seo="true" ref="index"/>
    <file name="scroll down_2x.png" crc="3922757154" seo="true" ref="index"/>
    <file name="studio logo.png" crc="458655582" seo="true" ref="index"/>
    <file name="studio logo_2x.png" crc="4250011556" seo="true" ref="index"/>
    <file name="u184-4.png" crc="4066717051" ref="index"/>
    <file name="u184-4_2x.png" crc="516653640" ref="index"/>
    <file name="studio logo80x80.png" crc="3954236988" seo="true" ref="index"/>
    <file name="studio logo80x80_2x.png" crc="154287637" seo="true" ref="index"/>
    <file name="studio logo96x96.png" crc="3896951473" seo="true" ref="index"/>
    <file name="studio logo96x96_2x.png" crc="4030202780" seo="true" ref="index"/>
    <file name="u1779-42.png" crc="132709770" ref="index"/>
    <file name="u1779-4_2x2.png" crc="298440424" ref="index"/>
    <file name="u16332.png" crc="3944928561" ref="index"/>
    <file name="u1633_2x2.png" crc="4232552489" ref="index"/>
    <file name="u1633-r2.png" crc="20757656" ref="index"/>
    <file name="u1633-r_2x2.png" crc="4118695990" ref="index"/>
    <file name="u17162.png" crc="297293415" ref="index"/>
    <file name="u1716_2x2.png" crc="107949455" ref="index"/>
    <file name="u1716-r2.png" crc="4012215694" ref="index"/>
    <file name="u1716-r_2x2.png" crc="298217190" ref="index"/>
    <file name="u16952.png" crc="118378283" ref="index"/>
    <file name="u1695_2x2.png" crc="200632374" ref="index"/>
    <file name="u1695-r2.png" crc="4278109753" ref="index"/>
    <file name="u1695-r_2x2.png" crc="405287644" ref="index"/>
    <file name="u17552.png" crc="388353666" ref="index"/>
    <file name="u1755_2x2.png" crc="4068743469" ref="index"/>
    <file name="u1755-r2.png" crc="3822607974" ref="index"/>
    <file name="u1755-r_2x2.png" crc="3782684694" ref="index"/>
    <file name="u184-42.png" crc="159986795" ref="index"/>
    <file name="u184-4_2x2.png" crc="392342617" ref="index"/>
    <file name="studio logo104x104.png" crc="468188505" seo="true" ref="index"/>
    <file name="studio logo104x104_2x.png" crc="3943413262" seo="true" ref="index"/>
    <file name="u1779-43.png" crc="4034762934" ref="index"/>
    <file name="u1779-4_2x3.png" crc="143881438" ref="index"/>
    <file name="u16333.png" crc="3944928561" ref="index"/>
    <file name="u1633_2x3.png" crc="4232552489" ref="index"/>
    <file name="u1633-r3.png" crc="20757656" ref="index"/>
    <file name="u1633-r_2x3.png" crc="4118695990" ref="index"/>
    <file name="u17163.png" crc="297293415" ref="index"/>
    <file name="u1716_2x3.png" crc="107949455" ref="index"/>
    <file name="u1716-r3.png" crc="4012215694" ref="index"/>
    <file name="u1716-r_2x3.png" crc="298217190" ref="index"/>
    <file name="u16953.png" crc="118378283" ref="index"/>
    <file name="u1695_2x3.png" crc="200632374" ref="index"/>
    <file name="u1695-r3.png" crc="4278109753" ref="index"/>
    <file name="u1695-r_2x3.png" crc="405287644" ref="index"/>
    <file name="u17553.png" crc="388353666" ref="index"/>
    <file name="u1755_2x3.png" crc="4068743469" ref="index"/>
    <file name="u1755-r3.png" crc="3822607974" ref="index"/>
    <file name="u1755-r_2x3.png" crc="3782684694" ref="index"/>
    <file name="u184-43.png" crc="165243119" ref="index"/>
    <file name="u184-4_2x3.png" crc="467840766" ref="index"/>
    <file name="u1779-44.png" crc="4001382679" ref="index"/>
    <file name="u1779-4_2x4.png" crc="4014594095" ref="index"/>
    <file name="u184-44.png" crc="118383175" ref="index"/>
    <file name="u184-4_2x4.png" crc="4096172825" ref="index"/>
    <file name="u1779-45.png" crc="4001382679" ref="index"/>
    <file name="u1779-4_2x5.png" crc="4014594095" ref="index"/>
    <file name="u184-45.png" crc="118383175" ref="index"/>
    <file name="u184-4_2x5.png" crc="4096172825" ref="index"/>
    <file name="u3617-6.png" crc="17199485" ref="index"/>
    <file name="u3617-6_2x.png" crc="165972177" ref="index"/>
    <file name="u3810-6.png" crc="4182054446" ref="index"/>
    <file name="u3810-6_2x.png" crc="4087199045" ref="index"/>
    <file name="u3851-6.png" crc="492170848" ref="index"/>
    <file name="u3851-6_2x.png" crc="4072194387" ref="index"/>
    <file name="u3617-62.png" crc="163713132" ref="index"/>
    <file name="u3617-6_2x2.png" crc="231164330" ref="index"/>
    <file name="u3810-62.png" crc="31025043" ref="index"/>
    <file name="u3810-6_2x2.png" crc="486378525" ref="index"/>
    <file name="u3851-62.png" crc="248865425" ref="index"/>
    <file name="u3851-6_2x2.png" crc="355872607" ref="index"/>
    <file name="u3617-63.png" crc="39413882" ref="index"/>
    <file name="u3617-6_2x3.png" crc="4112745223" ref="index"/>
    <file name="u3810-63.png" crc="4158812026" ref="index"/>
    <file name="u3810-6_2x3.png" crc="503577836" ref="index"/>
    <file name="u3851-63.png" crc="466386219" ref="index"/>
    <file name="u3851-6_2x3.png" crc="4144373319" ref="index"/>
    <file name="u3617-64.png" crc="4174683385" ref="index"/>
    <file name="u3617-6_2x4.png" crc="288016001" ref="index"/>
    <file name="u3810-64.png" crc="3863414277" ref="index"/>
    <file name="u3810-6_2x4.png" crc="4173606918" ref="index"/>
    <file name="u3851-64.png" crc="495612093" ref="index"/>
    <file name="u3851-6_2x4.png" crc="4044320879" ref="index"/>
    <file name="u3617-65.png" crc="4174683385" ref="index"/>
    <file name="u3617-6_2x5.png" crc="288016001" ref="index"/>
    <file name="u3810-65.png" crc="3863414277" ref="index"/>
    <file name="u3810-6_2x5.png" crc="4173606918" ref="index"/>
    <file name="u3851-65.png" crc="495612093" ref="index"/>
    <file name="u3851-6_2x5.png" crc="4044320879" ref="index"/>
    <file name="u30118-4.png" crc="190794558" ref="index"/>
    <file name="u30118-4_2x.png" crc="304757566" ref="index"/>
    <file name="u23842_states.png" crc="4054590293" ref="index"/>
    <file name="u23842_states_2x.png" crc="3878598570" ref="index"/>
    <file name="u23842_states-r.png" crc="272397691" ref="index"/>
    <file name="u23842_states-r_2x.png" crc="293263489" ref="index"/>
    <file name="u23842_states-m.png" crc="272397691" ref="index"/>
    <file name="u23842_states-m_2x.png" crc="293263489" ref="index"/>
    <file name="u23842_states-a.png" crc="4159267981" ref="index"/>
    <file name="u23842_states-a_2x.png" crc="254664994" ref="index"/>
    <file name="thedog-crop-u25918.jpg" crc="371071543" ref="index"/>
    <file name="thedog-crop-u25918_2x.jpg" crc="226542797" ref="index"/>
    <file name="u23844-4.png" crc="335255455" ref="index"/>
    <file name="u23844-4_2x.png" crc="408361742" ref="index"/>
    <file name="u23834_states.png" crc="296595137" ref="index"/>
    <file name="u23834_states_2x.png" crc="349201241" ref="index"/>
    <file name="u23834_states-r.png" crc="4239987010" ref="index"/>
    <file name="u23834_states-r_2x.png" crc="4158865009" ref="index"/>
    <file name="u23834_states-m.png" crc="4239987010" ref="index"/>
    <file name="u23834_states-m_2x.png" crc="4158865009" ref="index"/>
    <file name="u23834_states-a.png" crc="3763082374" ref="index"/>
    <file name="u23834_states-a_2x.png" crc="4291926692" ref="index"/>
    <file name="thedog-crop-u26291.jpg" crc="3767938085" ref="index"/>
    <file name="thedog-crop-u26291_2x.jpg" crc="411912599" ref="index"/>
    <file name="u23836-4.png" crc="479367668" ref="index"/>
    <file name="u23836-4_2x.png" crc="3908726941" ref="index"/>
    <file name="u23838_states.png" crc="289803222" ref="index"/>
    <file name="u23838_states_2x.png" crc="453933274" ref="index"/>
    <file name="u23838_states-r.png" crc="106839275" ref="index"/>
    <file name="u23838_states-r_2x.png" crc="223494288" ref="index"/>
    <file name="u23838_states-m.png" crc="106839275" ref="index"/>
    <file name="u23838_states-m_2x.png" crc="223494288" ref="index"/>
    <file name="u23838_states-a.png" crc="3914958695" ref="index"/>
    <file name="u23838_states-a_2x.png" crc="474118137" ref="index"/>
    <file name="starry-night-crop-u32580.jpg" crc="186737761" ref="index"/>
    <file name="starry-night-crop-u32580_2x.jpg" crc="206031407" ref="index"/>
    <file name="u23840-4.png" crc="82990129" ref="index"/>
    <file name="u23840-4_2x.png" crc="491057510" ref="index"/>
    <file name="u23976_states.png" crc="481414253" ref="index"/>
    <file name="u23976_states_2x.png" crc="358788865" ref="index"/>
    <file name="u23976_states-r.png" crc="4284269170" ref="index"/>
    <file name="u23976_states-r_2x.png" crc="4039686425" ref="index"/>
    <file name="u23976_states-m.png" crc="4284269170" ref="index"/>
    <file name="u23976_states-m_2x.png" crc="4039686425" ref="index"/>
    <file name="u23976_states-a.png" crc="58464154" ref="index"/>
    <file name="u23976_states-a_2x.png" crc="112751473" ref="index"/>
    <file name="u24022_states.png" crc="3788698674" ref="index"/>
    <file name="u24022_states_2x.png" crc="3968506360" ref="index"/>
    <file name="u24022_states-r.png" crc="3916694367" ref="index"/>
    <file name="u24022_states-r_2x.png" crc="3951417354" ref="index"/>
    <file name="u24022_states-m.png" crc="3916694367" ref="index"/>
    <file name="u24022_states-m_2x.png" crc="3951417354" ref="index"/>
    <file name="u24022_states-a.png" crc="4208309557" ref="index"/>
    <file name="u24022_states-a_2x.png" crc="4180275119" ref="index"/>
    <file name="landscape-nature-clouds-cloudy.jpg" crc="3872063557" ref="index"/>
    <file name="heart.png" crc="117585526" seo="true" ref="index"/>
    <file name="u30118-42.png" crc="190794558" ref="index"/>
    <file name="u30118-4_2x2.png" crc="304757566" ref="index"/>
    <file name="u23842_states2.png" crc="333127682" ref="index"/>
    <file name="u23842_states_2x2.png" crc="421720926" ref="index"/>
    <file name="u23842_states-r2.png" crc="3954205677" ref="index"/>
    <file name="u23842_states-r_2x2.png" crc="259165786" ref="index"/>
    <file name="u23842_states-m2.png" crc="3954205677" ref="index"/>
    <file name="u23842_states-m_2x2.png" crc="259165786" ref="index"/>
    <file name="u23842_states-a2.png" crc="4075307877" ref="index"/>
    <file name="u23842_states-a_2x2.png" crc="420453783" ref="index"/>
    <file name="thedog858x483.jpg" crc="4136858857" seo="true" ref="index"/>
    <file name="thedog858x483_2x.jpg" crc="4141274696" seo="true" ref="index"/>
    <file name="u23844-42.png" crc="496093675" ref="index"/>
    <file name="u23844-4_2x2.png" crc="78141228" ref="index"/>
    <file name="u23834_states2.png" crc="112475415" ref="index"/>
    <file name="u23834_states_2x2.png" crc="4273643167" ref="index"/>
    <file name="u23834_states-r2.png" crc="153074662" ref="index"/>
    <file name="u23834_states-r_2x2.png" crc="432948477" ref="index"/>
    <file name="u23834_states-m2.png" crc="153074662" ref="index"/>
    <file name="u23834_states-m_2x2.png" crc="432948477" ref="index"/>
    <file name="u23834_states-a2.png" crc="245507679" ref="index"/>
    <file name="u23834_states-a_2x2.png" crc="431375652" ref="index"/>
    <file name="thedog-crop-u262912.jpg" crc="348639920" ref="index"/>
    <file name="thedog-crop-u26291_2x2.jpg" crc="394502725" ref="index"/>
    <file name="u23836-42.png" crc="3956606434" ref="index"/>
    <file name="u23836-4_2x2.png" crc="3758731243" ref="index"/>
    <file name="u23838_states2.png" crc="3873365612" ref="index"/>
    <file name="u23838_states_2x2.png" crc="247158970" ref="index"/>
    <file name="u23838_states-r2.png" crc="3930855542" ref="index"/>
    <file name="u23838_states-r_2x2.png" crc="346624475" ref="index"/>
    <file name="u23838_states-m2.png" crc="3930855542" ref="index"/>
    <file name="u23838_states-m_2x2.png" crc="346624475" ref="index"/>
    <file name="u23838_states-a2.png" crc="240564130" ref="index"/>
    <file name="u23838_states-a_2x2.png" crc="137671949" ref="index"/>
    <file name="starry-night-crop-u325802.jpg" crc="365022651" ref="index"/>
    <file name="starry-night-crop-u32580_2x2.jpg" crc="486954234" ref="index"/>
    <file name="u23840-42.png" crc="82990129" ref="index"/>
    <file name="u23840-4_2x2.png" crc="491057510" ref="index"/>
    <file name="u23976_states2.png" crc="4006199715" ref="index"/>
    <file name="u23976_states_2x2.png" crc="3760301455" ref="index"/>
    <file name="u23976_states-r2.png" crc="4180390761" ref="index"/>
    <file name="u23976_states-r_2x2.png" crc="306023752" ref="index"/>
    <file name="u23976_states-m2.png" crc="4180390761" ref="index"/>
    <file name="u23976_states-m_2x2.png" crc="306023752" ref="index"/>
    <file name="u23976_states-a2.png" crc="3876975187" ref="index"/>
    <file name="u23976_states-a_2x2.png" crc="410703989" ref="index"/>
    <file name="u24022_states2.png" crc="3936761538" ref="index"/>
    <file name="u24022_states_2x2.png" crc="514608821" ref="index"/>
    <file name="u24022_states-r2.png" crc="368275413" ref="index"/>
    <file name="u24022_states-r_2x2.png" crc="4228730257" ref="index"/>
    <file name="u24022_states-m2.png" crc="368275413" ref="index"/>
    <file name="u24022_states-m_2x2.png" crc="4228730257" ref="index"/>
    <file name="u24022_states-a2.png" crc="3937529412" ref="index"/>
    <file name="u24022_states-a_2x2.png" crc="525089679" ref="index"/>
    <file name="landscape-nature-clouds-cloudy-u4122-fr.jpg" crc="286119134" ref="index"/>
    <file name="u30118-43.png" crc="190794558" ref="index"/>
    <file name="u30118-4_2x3.png" crc="304757566" ref="index"/>
    <file name="u23842_states3.png" crc="4227603498" ref="index"/>
    <file name="u23842_states_2x3.png" crc="487619965" ref="index"/>
    <file name="u23842_states-r3.png" crc="420352435" ref="index"/>
    <file name="u23842_states-r_2x3.png" crc="461579695" ref="index"/>
    <file name="u23842_states-m3.png" crc="420352435" ref="index"/>
    <file name="u23842_states-m_2x3.png" crc="461579695" ref="index"/>
    <file name="u23842_states-a3.png" crc="359309475" ref="index"/>
    <file name="u23842_states-a_2x3.png" crc="240893214" ref="index"/>
    <file name="u23844-43.png" crc="496093675" ref="index"/>
    <file name="u23844-4_2x3.png" crc="78141228" ref="index"/>
    <file name="u23834_states3.png" crc="107844492" ref="index"/>
    <file name="u23834_states_2x3.png" crc="3790076797" ref="index"/>
    <file name="u23834_states-r3.png" crc="160886564" ref="index"/>
    <file name="u23834_states-r_2x3.png" crc="116316560" ref="index"/>
    <file name="u23834_states-m3.png" crc="160886564" ref="index"/>
    <file name="u23834_states-m_2x3.png" crc="116316560" ref="index"/>
    <file name="u23834_states-a3.png" crc="4164459484" ref="index"/>
    <file name="u23834_states-a_2x3.png" crc="4186937919" ref="index"/>
    <file name="thedog-crop-u262913.jpg" crc="348639920" ref="index"/>
    <file name="thedog-crop-u26291_2x3.jpg" crc="394502725" ref="index"/>
    <file name="u23836-43.png" crc="3956606434" ref="index"/>
    <file name="u23836-4_2x3.png" crc="3758731243" ref="index"/>
    <file name="u23838_states3.png" crc="247433310" ref="index"/>
    <file name="u23838_states_2x3.png" crc="4056858079" ref="index"/>
    <file name="u23838_states-r3.png" crc="4132145389" ref="index"/>
    <file name="u23838_states-r_2x3.png" crc="3968187005" ref="index"/>
    <file name="u23838_states-m3.png" crc="4132145389" ref="index"/>
    <file name="u23838_states-m_2x3.png" crc="3968187005" ref="index"/>
    <file name="u23838_states-a3.png" crc="466281966" ref="index"/>
    <file name="u23838_states-a_2x3.png" crc="4033328679" ref="index"/>
    <file name="starry-night-crop-u325803.jpg" crc="365022651" ref="index"/>
    <file name="starry-night-crop-u32580_2x3.jpg" crc="486954234" ref="index"/>
    <file name="u23840-43.png" crc="82990129" ref="index"/>
    <file name="u23840-4_2x3.png" crc="491057510" ref="index"/>
    <file name="u23976_states3.png" crc="3950971677" ref="index"/>
    <file name="u23976_states_2x3.png" crc="525928794" ref="index"/>
    <file name="u23976_states-r3.png" crc="3805436268" ref="index"/>
    <file name="u23976_states-r_2x3.png" crc="181535808" ref="index"/>
    <file name="u23976_states-m3.png" crc="3805436268" ref="index"/>
    <file name="u23976_states-m_2x3.png" crc="181535808" ref="index"/>
    <file name="u23976_states-a3.png" crc="4106904975" ref="index"/>
    <file name="u23976_states-a_2x3.png" crc="4146991471" ref="index"/>
    <file name="u24022_states3.png" crc="281484913" ref="index"/>
    <file name="u24022_states_2x3.png" crc="4220200788" ref="index"/>
    <file name="u24022_states-r3.png" crc="4102275034" ref="index"/>
    <file name="u24022_states-r_2x3.png" crc="4211320283" ref="index"/>
    <file name="u24022_states-m3.png" crc="4102275034" ref="index"/>
    <file name="u24022_states-m_2x3.png" crc="4211320283" ref="index"/>
    <file name="u24022_states-a3.png" crc="3769492775" ref="index"/>
    <file name="u24022_states-a_2x3.png" crc="409347510" ref="index"/>
    <file name="landscape-nature-clouds-cloudy-u134-fr.jpg" crc="3898239092" ref="index"/>
    <file name="u23842_states4.png" crc="442507698" ref="index"/>
    <file name="u23842_states_2x4.png" crc="259483926" ref="index"/>
    <file name="u23842_states-r4.png" crc="3930772624" ref="index"/>
    <file name="u23842_states-r_2x4.png" crc="207209273" ref="index"/>
    <file name="u23842_states-m4.png" crc="3930772624" ref="index"/>
    <file name="u23842_states-m_2x4.png" crc="207209273" ref="index"/>
    <file name="u23842_states-a4.png" crc="3812408252" ref="index"/>
    <file name="u23842_states-a_2x4.png" crc="3923520735" ref="index"/>
    <file name="u23844-44.png" crc="496093675" ref="index"/>
    <file name="u23844-4_2x4.png" crc="78141228" ref="index"/>
    <file name="u23834_states4.png" crc="79060406" ref="index"/>
    <file name="u23834_states_2x4.png" crc="291745100" ref="index"/>
    <file name="u23834_states-r4.png" crc="264638320" ref="index"/>
    <file name="u23834_states-r_2x4.png" crc="4127294602" ref="index"/>
    <file name="u23834_states-m4.png" crc="264638320" ref="index"/>
    <file name="u23834_states-m_2x4.png" crc="4127294602" ref="index"/>
    <file name="u23834_states-a4.png" crc="91424969" ref="index"/>
    <file name="u23834_states-a_2x4.png" crc="4015885122" ref="index"/>
    <file name="thedog-crop-u262914.jpg" crc="348639920" ref="index"/>
    <file name="thedog-crop-u26291_2x4.jpg" crc="394502725" ref="index"/>
    <file name="u23836-44.png" crc="3956606434" ref="index"/>
    <file name="u23836-4_2x4.png" crc="3758731243" ref="index"/>
    <file name="u23838_states4.png" crc="398412132" ref="index"/>
    <file name="u23838_states_2x4.png" crc="318307323" ref="index"/>
    <file name="u23838_states-r4.png" crc="4104315825" ref="index"/>
    <file name="u23838_states-r_2x4.png" crc="4291009296" ref="index"/>
    <file name="u23838_states-m4.png" crc="4104315825" ref="index"/>
    <file name="u23838_states-m_2x4.png" crc="4291009296" ref="index"/>
    <file name="u23838_states-a4.png" crc="3799543282" ref="index"/>
    <file name="u23838_states-a_2x4.png" crc="399603997" ref="index"/>
    <file name="starry-night-crop-u325804.jpg" crc="365022651" ref="index"/>
    <file name="starry-night-crop-u32580_2x4.jpg" crc="486954234" ref="index"/>
    <file name="u23840-44.png" crc="82990129" ref="index"/>
    <file name="u23840-4_2x4.png" crc="491057510" ref="index"/>
    <file name="u23976_states4.png" crc="4136943641" ref="index"/>
    <file name="u23976_states_2x4.png" crc="3963999603" ref="index"/>
    <file name="u23976_states-r4.png" crc="330372080" ref="index"/>
    <file name="u23976_states-r_2x4.png" crc="316000114" ref="index"/>
    <file name="u23976_states-m4.png" crc="330372080" ref="index"/>
    <file name="u23976_states-m_2x4.png" crc="316000114" ref="index"/>
    <file name="u23976_states-a4.png" crc="294153251" ref="index"/>
    <file name="u23976_states-a_2x4.png" crc="219874243" ref="index"/>
    <file name="u24022_states4.png" crc="4078484843" ref="index"/>
    <file name="u24022_states_2x4.png" crc="4093199973" ref="index"/>
    <file name="u24022_states-r4.png" crc="243252339" ref="index"/>
    <file name="u24022_states-r_2x4.png" crc="3828907230" ref="index"/>
    <file name="u24022_states-m4.png" crc="243252339" ref="index"/>
    <file name="u24022_states-m_2x4.png" crc="3828907230" ref="index"/>
    <file name="u24022_states-a4.png" crc="3821867390" ref="index"/>
    <file name="u24022_states-a_2x4.png" crc="4083354307" ref="index"/>
    <file name="u30118-44.png" crc="190794558" ref="index"/>
    <file name="u30118-4_2x4.png" crc="304757566" ref="index"/>
    <file name="studio logo62x62.png" crc="89460280" seo="true" ref="index"/>
    <file name="studio logo62x62_2x.png" crc="4267354263" seo="true" ref="index"/>
    <file name="burger menu white52x52.png" crc="351857940" seo="true" ref="index"/>
    <file name="burger menu white52x52_2x.png" crc="3831167810" seo="true" ref="index"/>
    <file name="u23842_states5.png" crc="3905386792" ref="index"/>
    <file name="u23842_states_2x5.png" crc="3956838429" ref="index"/>
    <file name="u23842_states-r5.png" crc="4251386300" ref="index"/>
    <file name="u23842_states-r_2x5.png" crc="387176500" ref="index"/>
    <file name="u23842_states-m5.png" crc="4251386300" ref="index"/>
    <file name="u23842_states-m_2x5.png" crc="387176500" ref="index"/>
    <file name="u23842_states-a5.png" crc="509742337" ref="index"/>
    <file name="u23842_states-a_2x5.png" crc="3767271441" ref="index"/>
    <file name="u23844-45.png" crc="496093675" ref="index"/>
    <file name="u23844-4_2x5.png" crc="78141228" ref="index"/>
    <file name="u23834_states5.png" crc="496499178" ref="index"/>
    <file name="u23834_states_2x5.png" crc="4176667560" ref="index"/>
    <file name="u23834_states-r5.png" crc="128849496" ref="index"/>
    <file name="u23834_states-r_2x5.png" crc="185658299" ref="index"/>
    <file name="u23834_states-m5.png" crc="128849496" ref="index"/>
    <file name="u23834_states-m_2x5.png" crc="185658299" ref="index"/>
    <file name="u23834_states-a5.png" crc="4205109041" ref="index"/>
    <file name="u23834_states-a_2x5.png" crc="297220918" ref="index"/>
    <file name="thedog-crop-u262915.jpg" crc="348639920" ref="index"/>
    <file name="thedog-crop-u26291_2x5.jpg" crc="394502725" ref="index"/>
    <file name="u23836-45.png" crc="3956606434" ref="index"/>
    <file name="u23836-4_2x5.png" crc="3758731243" ref="index"/>
    <file name="u23838_states5.png" crc="4177231506" ref="index"/>
    <file name="u23838_states_2x5.png" crc="4126102606" ref="index"/>
    <file name="u23838_states-r5.png" crc="4024595217" ref="index"/>
    <file name="u23838_states-r_2x5.png" crc="3881828820" ref="index"/>
    <file name="u23838_states-m5.png" crc="4024595217" ref="index"/>
    <file name="u23838_states-m_2x5.png" crc="3881828820" ref="index"/>
    <file name="u23838_states-a5.png" crc="4251592455" ref="index"/>
    <file name="u23838_states-a_2x5.png" crc="4108921336" ref="index"/>
    <file name="starry-night-crop-u325805.jpg" crc="365022651" ref="index"/>
    <file name="starry-night-crop-u32580_2x5.jpg" crc="486954234" ref="index"/>
    <file name="u23840-45.png" crc="82990129" ref="index"/>
    <file name="u23840-4_2x5.png" crc="491057510" ref="index"/>
    <file name="u23976_states5.png" crc="341491618" ref="index"/>
    <file name="u23976_states_2x5.png" crc="3859589680" ref="index"/>
    <file name="u23976_states-r5.png" crc="4199806894" ref="index"/>
    <file name="u23976_states-r_2x5.png" crc="42694203" ref="index"/>
    <file name="u23976_states-m5.png" crc="4199806894" ref="index"/>
    <file name="u23976_states-m_2x5.png" crc="42694203" ref="index"/>
    <file name="u23976_states-a5.png" crc="470923718" ref="index"/>
    <file name="u23976_states-a_2x5.png" crc="161433884" ref="index"/>
    <file name="u24022_states5.png" crc="403747187" ref="index"/>
    <file name="u24022_states_2x5.png" crc="3881581566" ref="index"/>
    <file name="u24022_states-r5.png" crc="498813926" ref="index"/>
    <file name="u24022_states-r_2x5.png" crc="259379141" ref="index"/>
    <file name="u24022_states-m5.png" crc="498813926" ref="index"/>
    <file name="u24022_states-m_2x5.png" crc="259379141" ref="index"/>
    <file name="u24022_states-a5.png" crc="15661722" ref="index"/>
    <file name="u24022_states-a_2x5.png" crc="128980338" ref="index"/>
    <file name="u30118-45.png" crc="190794558" ref="index"/>
    <file name="u30118-4_2x5.png" crc="304757566" ref="index"/>
  </folder>
  <file name="index.html" crc="484435605" seo="true" mt="1479545674448" redirect="true"/>
</manifest>