<manifest alg="2" build="2017.0.0.363" opt="true" iceEnabled="true" iceMarkupVersion="2" iceEnabledOptions="link,responsive,cachebuster" exportTarget="other" domain="musefree.com" resolutions="1x,2x" timestamp="1479285069515">
  <folder name="css">
    <file name="site_global.css" crc="443350757"/>
    <file name="index.css" crc="4133590906" ref="index"/>
    <file name="nomq_index.css" crc="4051860797" ref="index"/>
  </folder>
  <folder name="scripts">
    <file name="jquery-1.8.3.min.js" crc="209076791" ref="index"/>
    <file name="museutils.js" crc="163421577" ref="index"/>
    <file name="whatinput.js" crc="86476730" ref="index"/>
    <file name="museconfig.js" crc="36584860" ref="index"/>
    <file name="jquery.watch.js" crc="104486786" ref="index"/>
    <file name="webpro.js" crc="3848665353" ref="index"/>
    <file name="musewpslideshow.js" crc="4041717617" ref="index"/>
    <file name="jquery.museoverlay.js" crc="36492500" ref="index"/>
    <file name="touchswipe.js" crc="404375771" ref="index"/>
    <file name="jquery.musemenu.js" crc="146495465" ref="index"/>
    <file name="html5shiv.js" crc="4241844378" ref="index"/>
    <file name="require.js" crc="244322403" ref="index"/>
    <file name="jquery.scrolleffects.js" crc="4065090679" ref="index"/>
    <file name="jquery.museresponsive.js" crc="4146931122" ref="index"/>
  </folder>
  <folder name="images">
    <file name="11-u1850-fr.png" crc="400549448" ref="index"/>
    <file name="blank.gif" crc="4208392903" ref="index"/>
    <file name="u1633.png" crc="84836979" ref="index"/>
    <file name="u1633_2x.png" crc="4230934895" ref="index"/>
    <file name="u1633-r.png" crc="3890282957" ref="index"/>
    <file name="u1633-r_2x.png" crc="3886390144" ref="index"/>
    <file name="u1716.png" crc="50894355" ref="index"/>
    <file name="u1716_2x.png" crc="281390019" ref="index"/>
    <file name="u1716-r.png" crc="4294030528" ref="index"/>
    <file name="u1716-r_2x.png" crc="218615002" ref="index"/>
    <file name="u1695.png" crc="3971433223" ref="index"/>
    <file name="u1695_2x.png" crc="385904923" ref="index"/>
    <file name="u1695-r.png" crc="4077685486" ref="index"/>
    <file name="u1695-r_2x.png" crc="3801818396" ref="index"/>
    <file name="u1755.png" crc="73668047" ref="index"/>
    <file name="u1755_2x.png" crc="4008663735" ref="index"/>
    <file name="u1755-r.png" crc="477990999" ref="index"/>
    <file name="u1755-r_2x.png" crc="4001568320" ref="index"/>
    <file name="u1779-4.png" crc="446123710" ref="index"/>
    <file name="u1779-4_2x.png" crc="3787406339" ref="index"/>
    <file name="scroll down.png" crc="3806572524" seo="true" ref="index"/>
    <file name="scroll down_2x.png" crc="3922757154" seo="true" ref="index"/>
    <file name="studio logo.png" crc="458655582" seo="true" ref="index"/>
    <file name="studio logo_2x.png" crc="4250011556" seo="true" ref="index"/>
    <file name="u184-4.png" crc="312992305" ref="index"/>
    <file name="u184-4_2x.png" crc="429813981" ref="index"/>
    <file name="studio logo80x80.png" crc="3954236988" seo="true" ref="index"/>
    <file name="studio logo80x80_2x.png" crc="154287637" seo="true" ref="index"/>
    <file name="studio logo96x96.png" crc="3896951473" seo="true" ref="index"/>
    <file name="studio logo96x96_2x.png" crc="4030202780" seo="true" ref="index"/>
    <file name="u1779-42.png" crc="132709770" ref="index"/>
    <file name="u1779-4_2x2.png" crc="298440424" ref="index"/>
    <file name="u16332.png" crc="3944928561" ref="index"/>
    <file name="u1633_2x2.png" crc="4232552489" ref="index"/>
    <file name="u1633-r2.png" crc="20757656" ref="index"/>
    <file name="u1633-r_2x2.png" crc="4118695990" ref="index"/>
    <file name="u17162.png" crc="176509868" ref="index"/>
    <file name="u1716_2x2.png" crc="3772514867" ref="index"/>
    <file name="u1716-r2.png" crc="4272922209" ref="index"/>
    <file name="u1716-r_2x2.png" crc="264965208" ref="index"/>
    <file name="u16952.png" crc="253829576" ref="index"/>
    <file name="u1695_2x2.png" crc="105557222" ref="index"/>
    <file name="u1695-r2.png" crc="4244756125" ref="index"/>
    <file name="u1695-r_2x2.png" crc="4163263620" ref="index"/>
    <file name="u17552.png" crc="388353666" ref="index"/>
    <file name="u1755_2x2.png" crc="4068743469" ref="index"/>
    <file name="u1755-r2.png" crc="3822607974" ref="index"/>
    <file name="u1755-r_2x2.png" crc="3782684694" ref="index"/>
    <file name="u184-42.png" crc="3977774882" ref="index"/>
    <file name="u184-4_2x2.png" crc="4162498154" ref="index"/>
    <file name="studio logo104x104.png" crc="468188505" seo="true" ref="index"/>
    <file name="studio logo104x104_2x.png" crc="3943413262" seo="true" ref="index"/>
    <file name="u1779-43.png" crc="4034762934" ref="index"/>
    <file name="u1779-4_2x3.png" crc="143881438" ref="index"/>
    <file name="u16333.png" crc="3944928561" ref="index"/>
    <file name="u1633_2x3.png" crc="4232552489" ref="index"/>
    <file name="u1633-r3.png" crc="20757656" ref="index"/>
    <file name="u1633-r_2x3.png" crc="4118695990" ref="index"/>
    <file name="u17163.png" crc="176509868" ref="index"/>
    <file name="u1716_2x3.png" crc="3772514867" ref="index"/>
    <file name="u1716-r3.png" crc="4272922209" ref="index"/>
    <file name="u1716-r_2x3.png" crc="264965208" ref="index"/>
    <file name="u16953.png" crc="253829576" ref="index"/>
    <file name="u1695_2x3.png" crc="105557222" ref="index"/>
    <file name="u1695-r3.png" crc="4244756125" ref="index"/>
    <file name="u1695-r_2x3.png" crc="4163263620" ref="index"/>
    <file name="u17553.png" crc="388353666" ref="index"/>
    <file name="u1755_2x3.png" crc="4068743469" ref="index"/>
    <file name="u1755-r3.png" crc="3822607974" ref="index"/>
    <file name="u1755-r_2x3.png" crc="3782684694" ref="index"/>
    <file name="u184-43.png" crc="29031883" ref="index"/>
    <file name="u184-4_2x3.png" crc="262734616" ref="index"/>
    <file name="u1779-44.png" crc="343699543" ref="index"/>
    <file name="u1779-4_2x4.png" crc="3875662867" ref="index"/>
    <file name="u16334.png" crc="354639735" ref="index"/>
    <file name="u1633_2x4.png" crc="4142527761" ref="index"/>
    <file name="u1633-r4.png" crc="479517343" ref="index"/>
    <file name="u1633-r_2x4.png" crc="370025852" ref="index"/>
    <file name="u17164.png" crc="4178795639" ref="index"/>
    <file name="u1716_2x4.png" crc="299284822" ref="index"/>
    <file name="u1716-r4.png" crc="224484144" ref="index"/>
    <file name="u1716-r_2x4.png" crc="3806016416" ref="index"/>
    <file name="u16954.png" crc="3787884059" ref="index"/>
    <file name="u1695_2x4.png" crc="3898706795" ref="index"/>
    <file name="u1695-r4.png" crc="3903132619" ref="index"/>
    <file name="u1695-r_2x4.png" crc="330740577" ref="index"/>
    <file name="u17554.png" crc="144798726" ref="index"/>
    <file name="u1755_2x4.png" crc="3850682023" ref="index"/>
    <file name="u1755-r4.png" crc="353075841" ref="index"/>
    <file name="u1755-r_2x4.png" crc="448152019" ref="index"/>
    <file name="u184-44.png" crc="4290559438" ref="index"/>
    <file name="u184-4_2x4.png" crc="28724746" ref="index"/>
    <file name="u1779-45.png" crc="4048287641" ref="index"/>
    <file name="u1779-4_2x5.png" crc="3792150950" ref="index"/>
    <file name="u16335.png" crc="3944928561" ref="index"/>
    <file name="u1633_2x5.png" crc="4232552489" ref="index"/>
    <file name="u1633-r5.png" crc="20757656" ref="index"/>
    <file name="u1633-r_2x5.png" crc="4118695990" ref="index"/>
    <file name="u17165.png" crc="176509868" ref="index"/>
    <file name="u1716_2x5.png" crc="3772514867" ref="index"/>
    <file name="u1716-r5.png" crc="4272922209" ref="index"/>
    <file name="u1716-r_2x5.png" crc="264965208" ref="index"/>
    <file name="u16955.png" crc="253829576" ref="index"/>
    <file name="u1695_2x5.png" crc="105557222" ref="index"/>
    <file name="u1695-r5.png" crc="4244756125" ref="index"/>
    <file name="u1695-r_2x5.png" crc="4163263620" ref="index"/>
    <file name="u17555.png" crc="388353666" ref="index"/>
    <file name="u1755_2x5.png" crc="4068743469" ref="index"/>
    <file name="u1755-r5.png" crc="3822607974" ref="index"/>
    <file name="u1755-r_2x5.png" crc="3782684694" ref="index"/>
    <file name="u184-45.png" crc="4182608250" ref="index"/>
    <file name="u184-4_2x5.png" crc="4096997003" ref="index"/>
    <file name="u3617-6.png" crc="17199485" ref="index"/>
    <file name="u3617-6_2x.png" crc="165972177" ref="index"/>
    <file name="u3810-6.png" crc="4182054446" ref="index"/>
    <file name="u3810-6_2x.png" crc="4087199045" ref="index"/>
    <file name="u3851-6.png" crc="492170848" ref="index"/>
    <file name="u3851-6_2x.png" crc="4072194387" ref="index"/>
    <file name="u3617-62.png" crc="163713132" ref="index"/>
    <file name="u3617-6_2x2.png" crc="231164330" ref="index"/>
    <file name="u3810-62.png" crc="31025043" ref="index"/>
    <file name="u3810-6_2x2.png" crc="486378525" ref="index"/>
    <file name="u3851-62.png" crc="248865425" ref="index"/>
    <file name="u3851-6_2x2.png" crc="355872607" ref="index"/>
    <file name="u3617-63.png" crc="39413882" ref="index"/>
    <file name="u3617-6_2x3.png" crc="4112745223" ref="index"/>
    <file name="u3810-63.png" crc="4158812026" ref="index"/>
    <file name="u3810-6_2x3.png" crc="503577836" ref="index"/>
    <file name="u3851-63.png" crc="466386219" ref="index"/>
    <file name="u3851-6_2x3.png" crc="4144373319" ref="index"/>
    <file name="u3617-64.png" crc="4174683385" ref="index"/>
    <file name="u3617-6_2x4.png" crc="288016001" ref="index"/>
    <file name="u3810-64.png" crc="3863414277" ref="index"/>
    <file name="u3810-6_2x4.png" crc="4173606918" ref="index"/>
    <file name="u3851-64.png" crc="495612093" ref="index"/>
    <file name="u3851-6_2x4.png" crc="4044320879" ref="index"/>
    <file name="u3617-65.png" crc="17199485" ref="index"/>
    <file name="u3617-6_2x5.png" crc="165972177" ref="index"/>
    <file name="u3810-65.png" crc="4178428645" ref="index"/>
    <file name="u3810-6_2x5.png" crc="533300784" ref="index"/>
    <file name="u3851-65.png" crc="492170848" ref="index"/>
    <file name="u3851-6_2x5.png" crc="4072194387" ref="index"/>
  </folder>
  <file name="index.html" crc="3869344708" seo="true" mt="1479282984754" redirect="true"/>
</manifest>